Campaign,Ad Group,Max CPC,Ad Group Status
DC | Search | Паливна апаратура,Насос-форсунки,22,Enabled
DC | Search | Паливна апаратура,ТНВД,23,Enabled
DC | Search | Паливна апаратура,Common Rail та паливна система,20,Enabled
DC | Search | Ремонт двигунів,Ремонт дизельних двигунів,20,Enabled
DC | Search | Ремонт двигунів,Mercedes OM,15,Enabled
DC | Search | Ремонт двигунів,BMW M57 N57 B57,15,Enabled
DC | Search | Ремонт двигунів,VAG TDI,15,Enabled
DC | Search | Ремонт двигунів,Renault Nissan Opel,15,Enabled
DC | Search | Ремонт двигунів,Mitsubishi 4D56 4M41,14,Enabled
DC | Search | Ремонт двигунів,Toyota KD,14,Enabled
DC | Search | Ремонт двигунів,Ремонт турбін,22,Enabled
DC | Search | Ремонт двигунів,Картридж та геометрія,19,Enabled
DC | Search | Діагностика та Chip,Діагностика дизеля,18,Enabled
DC | Search | Діагностика та Chip,Chip tuning,16,Paused
DC | Search | Діагностика та Chip,Дизельний сервіс загальні,19,Enabled
DC | Search | Діагностика та Chip,Кондиціонер,11,Paused
DC | Search | Бренд,Бренд DIESEL-CRAFT,7,Enabled
DC | Search | Ремонт двигунів,Ремонт ГБЦ,18,Enabled
DC | Search | Паливна апаратура,Паливна система,20,Enabled
DC | Search | Діагностика та Chip,Чистка DPF,16,Enabled
DC | Search | Діагностика та Chip,Діагностика EGR,15,Enabled
DC | Search | Діагностика та Chip,ТО дизеля,14,Enabled
