Campaign,Ad Group,Ad type,Headline 1,Headline 2,Headline 3,Headline 4,Headline 5,Headline 6,Headline 7,Headline 8,Headline 9,Headline 10,Headline 11,Headline 12,Headline 13,Headline 14,Headline 15,Description 1,Description 2,Description 3,Description 4,Path 1,Path 2,Final URL,Status
DC | Search | Паливна апаратура,Насос-форсунки,Responsive search ad,Ремонт насос-форсунок,Насос-форсунки Одеса,Перевірка на стенді,Регулювання PDE,Ремонт для 1.9 та 2.0 TDI,Відновлення з гарантією,Гарантія до 12 місяців,Діагностика від 400 грн,Дизельний сервіс з 2013,Одеса вул. Приміська 1,Зателефонуйте зараз,Кошторис до робіт,Чесна ціна без накруток,Запис на сьогодні,Безкоштовна консультація,"Ремонт насос-форсунок VW, Audi: стендова перевірка, регулювання. Гарантія.","Дефектовка, заміна зношених вузлів, регулювання та перевірка під тиском.","Озвучуємо ціну до початку робіт. Без прихованих платежів. Одеса, Приміська 1.",Зателефонуйте — підкажемо причину за симптомами та запишемо на діагностику.,poslugy,nasos-forsunky,https://diesel-craft.com.ua/poslugy/remont-nasos-forsunok.html,Enabled
DC | Search | Паливна апаратура,ТНВД,Responsive search ad,Ремонт ТНВД в Одесі,Ремонт паливного насоса,Діагностика ТНВД,Стендова перевірка ТНВД,Bosch Delphi Denso VP44,Регулювання та дефектовка,Гарантія до 12 місяців,Дизельний сервіс з 2013,Діагностика від 400 грн,Діагностика ТНВД за 1 день,Одеса вул. Приміська 1,Зателефонуйте зараз,Кошторис до робіт,Запис на сьогодні,Безкоштовна консультація,"Ремонт ТНВД: стендова перевірка, дефектовка, заміна зношених пар, регулювання.","Працюємо з Bosch, Delphi, Denso, Siemens: VP44, VE, CP1, CP3, CP4. Гарантія.","Озвучуємо кошторис до початку робіт. Без прихованих платежів. Одеса, Приміська 1.",Дизель не заводиться або втратив тягу? Телефонуйте — проконсультуємо безкоштовно.,poslugy,tnvd,https://diesel-craft.com.ua/poslugy/remont-tnvd.html,Enabled
DC | Search | Паливна апаратура,Common Rail та паливна система,Responsive search ad,Ремонт Common Rail Одеса,Паливна система дизеля,Діагностика під тиском,Форсунки ТНВД рампа,Пошук причини несправності,Гарантія до 12 місяців,Діагностика від 400 грн,Дизельний сервіс з 2013,Стендова перевірка вузлів,Одеса вул. Приміська 1,Зателефонуйте зараз,Кошторис до робіт,Запис на сьогодні,Чесна ціна без накруток,Безкоштовна консультація,"Діагностика та ремонт паливної системи Common Rail: форсунки, ТНВД, регулятори.","Знаходимо реальну причину, а не міняємо все підряд. Кошторис до початку робіт.",Стендова перевірка та кошторис до робіт. Гарантія до 12 місяців. Одеса.,Зателефонуйте зараз — безкоштовна консультація та запис на зручний час.,poslugy,common-rail,https://diesel-craft.com.ua/poslugy/remont-forsunok.html,Enabled
DC | Search | Ремонт двигунів,Ремонт дизельних двигунів,Responsive search ad,Ремонт дизельних двигунів,Ремонт двигуна в Одесі,Капітальний ремонт дизеля,Ремонт ГБЦ та поршневої,Заміна ГРМ на дизелі,Діагностика від 400 грн,Гарантія до 12 місяців,Дизельний сервіс з 2013,Кошторис до початку робіт,Спеціалізований сервіс,Одеса вул. Приміська 1,Зателефонуйте зараз,Запис на сьогодні,Чесна ціна без накруток,Безкоштовна консультація,"Капітальний і частковий ремонт дизельних двигунів. ГБЦ, поршнева, ГРМ, вкладиші.",Спочатку діагностика та дефектовка — потім погоджений з вами кошторис робіт.,"Понад 10 років на дизелях: легкові, мікроавтобуси, позашляховики. Гарантія.","Двигун стукає, димить або не заводиться? Телефонуйте — проконсультуємо безкоштовно.",poslugy,dvyguny,https://diesel-craft.com.ua/poslugy/remont-dvyguniv.html,Enabled
DC | Search | Ремонт двигунів,Mercedes OM,Responsive search ad,Ремонт OM651 в Одесі,Ремонт OM642 та OM646,Дизельний Mercedes сервіс,Sprinter Vito Viano,Капітальний ремонт дизеля,Ремонт ГБЦ та поршневої,Гарантія до 12 місяців,Діагностика від 400 грн,Дизельний сервіс з 2013,Одеса вул. Приміська 1,Зателефонуйте зараз,Кошторис до робіт,Запис на сьогодні,,,"Спеціалізуємось на двигунах Mercedes OM642, OM646, OM651. Ремонт під ключ.","Діагностика, дефектовка та погоджений кошторис до початку робіт. Гарантія.","Sprinter, Vito, Viano, E, ML та інші. Досвід з 2013 року. Одеса, Приміська 1.",Зателефонуйте — підкажемо причину за симптомами та запишемо на діагностику.,dvyguny,mercedes,https://diesel-craft.com.ua/poslugy/dvyguny/remont-om651.html,Enabled
DC | Search | Ремонт двигунів,BMW M57 N57 B57,Responsive search ad,Ремонт M57 N57 B57,Дизельний BMW сервіс,Ремонт дизеля BMW Одеса,Капітальний ремонт дизеля,Ремонт ГБЦ та поршневої,Гарантія до 12 місяців,Діагностика від 400 грн,Дизельний сервіс з 2013,Кошторис до робіт,Одеса вул. Приміська 1,Зателефонуйте зараз,Запис на сьогодні,,,,"Ремонт дизельних двигунів BMW M57, N57, B57 — від діагностики до капремонту.",Дефектовка та погоджений кошторис до початку робіт. Без прихованих платежів.,"X3, X5, X6, 3, 5, 7 серії. Досвід з 2013 року. Одеса, вул. Приміська 1.",Телефонуйте — безкоштовна консультація і запис на зручний для вас час.,dvyguny,bmw,https://diesel-craft.com.ua/poslugy/dvyguny/remont-m57.html,Enabled
DC | Search | Ремонт двигунів,VAG TDI,Responsive search ad,Ремонт 1.9 та 2.0 TDI,Дизельний VAG сервіс,Ремонт TDI в Одесі,VW Audi Skoda Seat,Капітальний ремонт дизеля,Ремонт ГБЦ та поршневої,Гарантія до 12 місяців,Діагностика від 400 грн,Дизельний сервіс з 2013,Кошторис до робіт,Одеса вул. Приміська 1,Зателефонуйте зараз,Запис на сьогодні,,,"Ремонт двигунів 1.9 TDI та 2.0 TDI: ГБЦ, поршнева, ГРМ, насос-форсунки.","Діагностика та дефектовка, далі — погоджений з вами кошторис. Гарантія.","Passat, Golf, Caddy, T5, Octavia, A4, A6 та інші. Одеса, Приміська 1.",Зателефонуйте зараз — проконсультуємо безкоштовно та запишемо на сервіс.,dvyguny,tdi,https://diesel-craft.com.ua/poslugy/dvyguny/remont-20-tdi.html,Enabled
DC | Search | Ремонт двигунів,Renault Nissan Opel,Responsive search ad,Ремонт K9K M9R G9U,Дизель Renault та Nissan,Ремонт 1.5 dCi в Одесі,Master Trafic Vivaro,Капітальний ремонт дизеля,Гарантія до 12 місяців,Діагностика від 400 грн,Дизельний сервіс з 2013,Кошторис до робіт,Одеса вул. Приміська 1,Зателефонуйте зараз,Запис на сьогодні,,,,"Ремонт двигунів K9K, M9R, G9U — діагностика, дефектовка, капітальний ремонт.",Погоджуємо кошторис до початку робіт. Без прихованих платежів. Гарантія.,"Master, Trafic, Vivaro, Megane, Qashqai та інші. Одеса, вул. Приміська 1.",Телефонуйте — безкоштовна консультація та запис на зручний час.,dvyguny,renault,https://diesel-craft.com.ua/poslugy/dvyguny/remont-k9k.html,Enabled
DC | Search | Ремонт двигунів,Mitsubishi 4D56 4M41,Responsive search ad,Ремонт 4D56 та 4M41,Дизель Mitsubishi сервіс,Ремонт L200 та Pajero,Капітальний ремонт дизеля,Ремонт ГБЦ та поршневої,Гарантія до 12 місяців,Діагностика від 400 грн,Дизельний сервіс з 2013,Кошторис до робіт,Одеса вул. Приміська 1,Зателефонуйте зараз,Запис на сьогодні,,,,"Ремонт двигунів Mitsubishi 4D56 та 4M41: ГБЦ, поршнева, паливна апаратура.","Діагностика та дефектовка, потім погоджений кошторис. Гарантія до 12 місяців.","L200, Pajero, Pajero Sport та інші. Досвід з 2013 року. Одеса, Приміська 1.",Зателефонуйте — підкажемо причину за симптомами та запишемо на діагностику.,dvyguny,mitsubishi,https://diesel-craft.com.ua/poslugy/dvyguny/remont-4d56.html,Enabled
DC | Search | Ремонт двигунів,Toyota KD,Responsive search ad,Ремонт 1KD та 2KD-FTV,Дизель Toyota сервіс,Ремонт Hilux та Land Cruiser,Капітальний ремонт дизеля,Ремонт ГБЦ та поршневої,Гарантія до 12 місяців,Діагностика від 400 грн,Дизельний сервіс з 2013,Кошторис до робіт,Одеса вул. Приміська 1,Зателефонуйте зараз,Запис на сьогодні,,,,"Ремонт двигунів Toyota 1KD-FTV та 2KD-FTV: ГБЦ, поршнева, паливна апаратура.","Спочатку діагностика та дефектовка, потім погоджений з вами кошторис робіт.","Hilux, Land Cruiser Prado, Hiace та інші. Одеса, вул. Приміська 1.",Телефонуйте — безкоштовна консультація та запис на зручний для вас час.,dvyguny,toyota,https://diesel-craft.com.ua/poslugy/dvyguny/remont-2kd-ftv.html,Enabled
DC | Search | Ремонт двигунів,Ремонт турбін,Responsive search ad,Ремонт турбін в Одесі,Ремонт турбокомпресора,Відновлення турбіни,Діагностика турбіни,Балансування на верстаті,Заміна картриджа,Ремонт геометрії турбіни,Гарантія до 12 місяців,Ремонт турбін 1–3 дні,Дизельний сервіс з 2013,Одеса вул. Приміська 1,Зателефонуйте зараз,Кошторис до робіт,Запис на сьогодні,Безкоштовна консультація,"Ремонт турбін будь-якої складності: картридж, геометрія, актуатор, балансування.","Турбіна свистить, жере масло або не дає тяги? Діагностика турбіни — 1 день.",Погоджуємо кошторис до початку робіт. Гарантія до 12 місяців. Одеса.,Зателефонуйте зараз — безкоштовно проконсультуємо та запишемо на діагностику.,poslugy,turbiny,https://diesel-craft.com.ua/poslugy/remont-turbin.html,Enabled
DC | Search | Ремонт двигунів,Картридж та геометрія,Responsive search ad,Заміна картриджа турбіни,Ремонт геометрії турбіни,Балансування турбіни,Налаштування актуатора,Ремонт турбін Одеса,Відновлення турбокомпресора,Гарантія до 12 місяців,Ремонт турбін 1–3 дні,Дизельний сервіс з 2013,Одеса вул. Приміська 1,Зателефонуйте зараз,Кошторис до робіт,Запис на сьогодні,,,"Заміна картриджа, ремонт змінної геометрії, балансування ротора на верстаті.",Калібруємо електронний актуатор і перевіряємо тиск наддуву після ремонту.,"Кошторис до початку робіт, гарантія до 12 місяців. Одеса, вул. Приміська 1.",Телефонуйте — безкоштовна консультація та запис на зручний час.,poslugy,turbiny,https://diesel-craft.com.ua/poslugy/remont-turbin.html,Enabled
DC | Search | Діагностика та Chip,Діагностика дизеля,Responsive search ad,Діагностика дизеля Одеса,Компютерна діагностика,Діагностика від 400 грн,Повний комплекс 1200 грн,Перевірка паливної системи,Знайдемо причину помилки,Горить чек на дизелі?,Дизельний сервіс з 2013,Гарантія до 12 місяців,Одеса вул. Приміська 1,Зателефонуйте зараз,Запис на сьогодні,Чесна ціна без накруток,Безкоштовна консультація,Базова перевірка 30–60 хв,Компютерна діагностика дизеля від 400 грн. Повна перевірка палива — від 1200 грн.,"Зчитуємо помилки, дивимось live data і реальні показники форсунок та ТНВД.","Пояснюємо просто: що зламалось, скільки коштує і чи можна відкласти ремонт.","Одеса, вул. Приміська 1. Пн-Пт 8:00-18:00, Сб 9:00-15:00. Телефонуйте!",poslugy,diagnostyka,https://diesel-craft.com.ua/poslugy/diagnostyka.html,Enabled
DC | Search | Діагностика та Chip,Chip tuning,Responsive search ad,Chip tuning в Одесі,Чип тюнінг дизеля,Прошивка двигуна Одеса,Більше тяги та економія,Stage 1 для дизеля,Індивідуальна прошивка,Гарантія до 12 місяців,Дизельний сервіс з 2013,Live data перевірка,Одеса вул. Приміська 1,Зателефонуйте зараз,Кошторис до робіт,Запис на сьогодні,,,"Чип тюнінг дизельних двигунів: більше тяги, рівніша робота та економія палива.",Перед прошивкою — діагностика стану двигуна і паливної системи. Без ризику.,Індивідуальне калібрування під ваш автомобіль. Гарантія до 12 місяців.,Телефонуйте — розрахуємо приріст потужності саме для вашого авто.,poslugy,chip-tuning,https://diesel-craft.com.ua/poslugy/chip-tuning.html,Enabled
DC | Search | Діагностика та Chip,Дизельний сервіс загальні,Responsive search ad,Дизельний сервіс в Одесі,Ремонт дизеля під ключ,Форсунки ТНВД турбіни,Ремонт двигунів,Діагностика від 400 грн,Гарантія до 12 місяців,Працюємо з 2013 року,Стендова перевірка,Кошторис до початку робіт,Одеса вул. Приміська 1,Зателефонуйте зараз,Запис на сьогодні,Чесна ціна без накруток,Безкоштовна консультація,Діагностика — 1 день,"Дизельний сервіс повного циклу: форсунки, ТНВД, турбіни, двигуни, діагностика.",Стендова перевірка вузлів і досвід з 2013 року. Гарантія до 12 місяців.,Озвучуємо ціну до початку робіт. Без прихованих платежів і нав'язаних послуг.,"Одеса, вул. Приміська 1. Пн-Пт 8:00-18:00, Сб 9:00-15:00. Дзвоніть!",,,https://diesel-craft.com.ua/,Enabled
DC | Search | Діагностика та Chip,Кондиціонер,Responsive search ad,Заправка кондиціонера,Кондиціонер слабо холодить?,Діагностика від 400 грн,Діагностика кондиціонера,Перевірка на витоки,Одеса вул. Приміська 1,Зателефонуйте зараз,Запис на сьогодні,Автосервіс з 2013 року,Чесна ціна без накруток,,,,,,Заправка та діагностика автокондиціонера. Перевірка на витоки та тиск у системі.,"Діагностика, перевірка на витоки та заправка. Запис на зручний час. Одеса.","Знайдемо причину слабкого холоду, а не просто доллємо фреон.",Телефонуйте — підкажемо вартість для вашого авто та запишемо на зручний час.,poslugy,kondytsioner,https://diesel-craft.com.ua/poslugy/zapravka-kondytsionera.html,Enabled
DC | Search | Бренд,Бренд DIESEL-CRAFT,Responsive search ad,DIESEL-CRAFT Одеса,Офіційний сайт сервісу,Дизельний сервіс з 2013,Форсунки ТНВД турбіни,Гарантія до 12 місяців,Одеса вул. Приміська 1,Зателефонуйте зараз,Запис на сьогодні,Діагностика від 400 грн,,,,,,,DIESEL-CRAFT — спеціалізований дизельний сервіс в Одесі. Працюємо з 2013 року.,"Форсунки, ТНВД, турбіни, двигуни, діагностика, chip tuning. Гарантія до 12 міс.","Одеса, вул. Приміська 1. Пн-Пт 8:00-18:00, Сб 9:00-15:00.",Телефонуйте — консультація безкоштовна.,,,https://diesel-craft.com.ua/,Enabled
DC | Search | Ремонт двигунів,Ремонт ГБЦ,Responsive search ad,Ремонт ГБЦ в Одесі,Заміна прокладки ГБЦ,Шліфування площини,Опресовка головки,Дефектовка ГБЦ,Пробита прокладка?,Антифриз іде в циліндри?,Гарантія до 12 місяців,Діагностика від 400 грн,Кошторис до робіт,Дизельний сервіс з 2013,Зателефонуйте зараз,Запис на сьогодні,,,"Ремонт головки блоку циліндрів дизеля: дефектовка, опресовка, шліфування, клапани.","Спочатку підтверджуємо діагноз замірами, а вже потім знімаємо головку. Без зайвих робіт.",Кошторис озвучуємо після дефектовки і погоджуємо до початку робіт. Гарантія до 12 місяців.,"Білий дим, бульбашки в бачку, емульсія? Телефонуйте — перевіримо систему охолодження.",poslugy,gbc,https://diesel-craft.com.ua/poslugy/remont-gbc.html,Enabled
DC | Search | Паливна апаратура,Паливна система,Responsive search ad,Ремонт паливної системи,Діагностика паливної,Перевірка тиску палива,Зворотка форсунок,Форсунки ТНВД рампа,Стендова перевірка вузлів,Дизель не заводиться?,Гарантія до 12 місяців,Діагностика від 400 грн,Кошторис до робіт,Дизельний сервіс з 2013,Зателефонуйте зараз,Запис на сьогодні,,,"Діагностика та ремонт паливної системи дизеля: тиск у рампі, форсунки, ТНВД, зворотка.","Знаходимо справжню причину, а не міняємо все підряд. Кошторис до початку робіт.",Стендова перевірка вузлів і досвід з 2013 року. Гарантія до 12 місяців.,"Важкий запуск, провали, димність? Телефонуйте — проконсультуємо безкоштовно.",poslugy,palyvna,https://diesel-craft.com.ua/poslugy/remont-palyvnoi-systemy.html,Enabled
DC | Search | Діагностика та Chip,Чистка DPF,Responsive search ad,Чистка DPF в Одесі,Чистка сажевого фільтра,Примусова регенерація,Промивка фільтра DPF,Помилка сажевого фільтра?,Аварійний режим?,Знайдемо причину забивання,Гарантія до 12 місяців,Діагностика від 400 грн,Кошторис до робіт,Дизельний сервіс з 2013,Зателефонуйте зараз,Запис на сьогодні,,,"Діагностика та чистка сажевого фільтра: перевірка тиску, регенерація, промивка DPF.","Шукаємо причину забивання, інакше фільтр забʼється знову за кілька тисяч кілометрів.",Фіксуємо протитиск до і після робіт — ви бачите реальний результат чистки.,Горить помилка DPF? Телефонуйте — перевіримо завантаженість фільтра.,poslugy,dpf,https://diesel-craft.com.ua/poslugy/chystka-dpf.html,Enabled
DC | Search | Діагностика та Chip,Діагностика EGR,Responsive search ad,Чистка EGR в Одесі,Діагностика клапана EGR,Чистка впускного колектора,Ремонт клапана EGR,Плаваючі оберти?,Помилка по EGR?,Перевірка клапана в роботі,Гарантія до 12 місяців,Діагностика від 400 грн,Кошторис до робіт,Дизельний сервіс з 2013,Зателефонуйте зараз,Запис на сьогодні,,,"Діагностика, чистка та ремонт клапана EGR: привід, впускний колектор, охолоджувач.",Дивимось фактичне положення клапана під навантаженням — так видно підклинювання.,"Повертаємо систему до штатної роботи. Кошторис до початку робіт, гарантія до 12 міс.",Помилка по EGR або нестабільні оберти? Телефонуйте — перевіримо клапан.,poslugy,egr,https://diesel-craft.com.ua/poslugy/diagnostyka-egr.html,Enabled
DC | Search | Діагностика та Chip,ТО дизеля,Responsive search ad,ТО дизельних авто Одеса,Заміна масла і фільтрів,Обслуговування дизеля,Перевірка паливної в ТО,Діагностика включена,Можна зі своїми витратними,Гарантія до 12 місяців,Дизельний сервіс з 2013,Кошторис до робіт,Зателефонуйте зараз,Запис на сьогодні,Запис на зручний час,Звіт про стан авто,,,"ТО дизельного авто: масло, масляний, паливний, повітряний і салонний фільтри.",У кожне ТО входить перевірка паливної апаратури — найдорожчого вузла дизеля.,"Даємо звіт: що в нормі, що зробити зараз, а що планувати на наступне ТО.",Назвіть марку і пробіг — підберемо масло та фільтри і запишемо на зручний час.,poslugy,to,https://diesel-craft.com.ua/poslugy/to-dyzelnyh-avto.html,Enabled
