Campaign,Ad Group,Keyword,Criterion Type,Max CPC,Status
DC | Search | Паливна апаратура,Форсунки,ремонт форсунок одеса,Exact,22,Enabled
DC | Search | Паливна апаратура,Форсунки,ремонт форсунок одесса,Exact,22,Enabled
DC | Search | Паливна апаратура,Форсунки,ремонт дизельних форсунок одеса,Exact,22,Enabled
DC | Search | Паливна апаратура,Форсунки,ремонт дизельных форсунок одесса,Exact,22,Enabled
DC | Search | Паливна апаратура,Форсунки,діагностика форсунок одеса,Exact,18,Enabled
DC | Search | Паливна апаратура,Форсунки,диагностика форсунок одесса,Exact,18,Enabled
DC | Search | Паливна апаратура,Форсунки,ремонт форсунок,Phrase,18,Enabled
DC | Search | Паливна апаратура,Форсунки,ремонт дизельних форсунок,Phrase,18,Enabled
DC | Search | Паливна апаратура,Форсунки,ремонт дизельных форсунок,Phrase,18,Enabled
DC | Search | Паливна апаратура,Форсунки,діагностика форсунок,Phrase,16,Enabled
DC | Search | Паливна апаратура,Форсунки,диагностика форсунок,Phrase,16,Enabled
DC | Search | Паливна апаратура,Форсунки,перевірка форсунок на стенді,Phrase,16,Enabled
DC | Search | Паливна апаратура,Форсунки,проверка форсунок на стенде,Phrase,16,Enabled
DC | Search | Паливна апаратура,Форсунки,відновлення форсунок,Phrase,16,Enabled
DC | Search | Паливна апаратура,Форсунки,восстановление форсунок,Phrase,16,Enabled
DC | Search | Паливна апаратура,Форсунки,кодування форсунок,Phrase,14,Enabled
DC | Search | Паливна апаратура,Форсунки,кодировка форсунок,Phrase,14,Enabled
DC | Search | Паливна апаратура,Форсунки,ремонт форсунок bosch,Phrase,16,Enabled
DC | Search | Паливна апаратура,Форсунки,ремонт форсунок delphi,Phrase,16,Enabled
DC | Search | Паливна апаратура,Форсунки,ремонт форсунок denso,Phrase,16,Enabled
DC | Search | Паливна апаратура,Форсунки,ремонт форсунок siemens,Phrase,16,Enabled
DC | Search | Паливна апаратура,Форсунки,ремонт пєзофорсунок,Phrase,16,Enabled
DC | Search | Паливна апаратура,Форсунки,ремонт пьезофорсунок,Phrase,16,Enabled
DC | Search | Паливна апаратура,Форсунки,чистка форсунок дизель,Phrase,14,Enabled
DC | Search | Паливна апаратура,Форсунки,промивка форсунок дизель,Phrase,14,Enabled
DC | Search | Паливна апаратура,Форсунки,ремонт форсунок ціна,Phrase,14,Enabled
DC | Search | Паливна апаратура,Форсунки,ремонт форсунок цена,Phrase,14,Enabled
DC | Search | Паливна апаратура,Форсунки,стенд для перевірки форсунок,Phrase,14,Enabled
DC | Search | Паливна апаратура,Насос-форсунки,ремонт насос форсунок одеса,Exact,20,Enabled
DC | Search | Паливна апаратура,Насос-форсунки,ремонт насос форсунок одесса,Exact,20,Enabled
DC | Search | Паливна апаратура,Насос-форсунки,ремонт насос форсунок,Phrase,16,Enabled
DC | Search | Паливна апаратура,Насос-форсунки,ремонт насос-форсунок,Phrase,16,Enabled
DC | Search | Паливна апаратура,Насос-форсунки,діагностика насос форсунок,Phrase,14,Enabled
DC | Search | Паливна апаратура,Насос-форсунки,диагностика насос форсунок,Phrase,14,Enabled
DC | Search | Паливна апаратура,Насос-форсунки,насос форсунки 1.9 tdi ремонт,Phrase,14,Enabled
DC | Search | Паливна апаратура,Насос-форсунки,насос форсунки 2.0 tdi ремонт,Phrase,14,Enabled
DC | Search | Паливна апаратура,Насос-форсунки,ремонт pde форсунок,Phrase,14,Enabled
DC | Search | Паливна апаратура,Насос-форсунки,регулювання насос форсунок,Phrase,13,Enabled
DC | Search | Паливна апаратура,Насос-форсунки,перевірка насос форсунок на стенді,Phrase,14,Enabled
DC | Search | Паливна апаратура,ТНВД,ремонт тнвд одеса,Exact,22,Enabled
DC | Search | Паливна апаратура,ТНВД,ремонт тнвд одесса,Exact,22,Enabled
DC | Search | Паливна апаратура,ТНВД,ремонт тнвд,Phrase,17,Enabled
DC | Search | Паливна апаратура,ТНВД,діагностика тнвд,Phrase,15,Enabled
DC | Search | Паливна апаратура,ТНВД,диагностика тнвд,Phrase,15,Enabled
DC | Search | Паливна апаратура,ТНВД,ремонт паливного насоса високого тиску,Phrase,17,Enabled
DC | Search | Паливна апаратура,ТНВД,ремонт топливного насоса высокого давления,Phrase,17,Enabled
DC | Search | Паливна апаратура,ТНВД,ремонт тнвд bosch,Phrase,16,Enabled
DC | Search | Паливна апаратура,ТНВД,ремонт тнвд delphi,Phrase,16,Enabled
DC | Search | Паливна апаратура,ТНВД,ремонт тнвд denso,Phrase,16,Enabled
DC | Search | Паливна апаратура,ТНВД,ремонт тнвд vp44,Phrase,16,Enabled
DC | Search | Паливна апаратура,ТНВД,ремонт тнвд cp4,Phrase,16,Enabled
DC | Search | Паливна апаратура,ТНВД,ремонт тнвд cp1,Phrase,15,Enabled
DC | Search | Паливна апаратура,ТНВД,стенд тнвд одеса,Phrase,14,Enabled
DC | Search | Паливна апаратура,ТНВД,ремонт тнвд ціна,Phrase,14,Enabled
DC | Search | Паливна апаратура,ТНВД,ремонт тнвд цена,Phrase,14,Enabled
DC | Search | Паливна апаратура,Common Rail та паливна система,ремонт common rail,Phrase,15,Enabled
DC | Search | Паливна апаратура,Common Rail та паливна система,діагностика common rail,Phrase,14,Enabled
DC | Search | Паливна апаратура,Common Rail та паливна система,ремонт паливної системи дизеля,Phrase,15,Enabled
DC | Search | Паливна апаратура,Common Rail та паливна система,ремонт топливной системы дизеля,Phrase,15,Enabled
DC | Search | Паливна апаратура,Common Rail та паливна система,діагностика паливної системи одеса,Phrase,14,Enabled
DC | Search | Паливна апаратура,Common Rail та паливна система,не тримає тиск палива дизель,Phrase,13,Enabled
DC | Search | Паливна апаратура,Common Rail та паливна система,ремонт регулятора тиску палива,Phrase,13,Enabled
DC | Search | Ремонт двигунів,Ремонт дизельних двигунів,ремонт дизельного двигуна одеса,Exact,20,Enabled
DC | Search | Ремонт двигунів,Ремонт дизельних двигунів,ремонт дизельного двигателя одесса,Exact,20,Enabled
DC | Search | Ремонт двигунів,Ремонт дизельних двигунів,ремонт дизельного двигуна,Phrase,16,Enabled
DC | Search | Ремонт двигунів,Ремонт дизельних двигунів,ремонт дизельного двигателя,Phrase,16,Enabled
DC | Search | Ремонт двигунів,Ремонт дизельних двигунів,капітальний ремонт двигуна одеса,Phrase,16,Enabled
DC | Search | Ремонт двигунів,Ремонт дизельних двигунів,капитальный ремонт двигателя одесса,Phrase,16,Enabled
DC | Search | Ремонт двигунів,Ремонт дизельних двигунів,переборка двигуна дизель,Phrase,14,Enabled
DC | Search | Ремонт двигунів,Ремонт дизельних двигунів,ремонт гбц дизель,Phrase,14,Enabled
DC | Search | Ремонт двигунів,Ремонт дизельних двигунів,ремонт головки блоку циліндрів одеса,Phrase,14,Enabled
DC | Search | Ремонт двигунів,Ремонт дизельних двигунів,заміна поршневої групи,Phrase,13,Enabled
DC | Search | Ремонт двигунів,Ремонт дизельних двигунів,заміна грм дизель одеса,Phrase,13,Enabled
DC | Search | Ремонт двигунів,Ремонт дизельних двигунів,замена грм дизель одесса,Phrase,13,Enabled
DC | Search | Ремонт двигунів,Ремонт дизельних двигунів,ремонт двигуна мікроавтобуса одеса,Phrase,14,Enabled
DC | Search | Ремонт двигунів,Ремонт дизельних двигунів,дизельний двигун не заводиться,Phrase,14,Enabled
DC | Search | Ремонт двигунів,Ремонт дизельних двигунів,дизель димить ремонт,Phrase,12,Enabled
DC | Search | Ремонт двигунів,Ремонт дизельних двигунів,дизель троїть ремонт,Phrase,12,Enabled
DC | Search | Ремонт двигунів,Mercedes OM,ремонт двигуна om651,Phrase,12,Enabled
DC | Search | Ремонт двигунів,Mercedes OM,ремонт двигателя om651,Phrase,12,Enabled
DC | Search | Ремонт двигунів,Mercedes OM,ремонт двигуна om642,Phrase,12,Enabled
DC | Search | Ремонт двигунів,Mercedes OM,ремонт двигателя om642,Phrase,12,Enabled
DC | Search | Ремонт двигунів,Mercedes OM,ремонт двигуна om646,Phrase,12,Enabled
DC | Search | Ремонт двигунів,Mercedes OM,ремонт двигателя om646,Phrase,12,Enabled
DC | Search | Ремонт двигунів,Mercedes OM,ремонт двигуна мерседес спринтер,Phrase,13,Enabled
DC | Search | Ремонт двигунів,Mercedes OM,ремонт двигателя мерседес вито,Phrase,13,Enabled
DC | Search | Ремонт двигунів,Mercedes OM,ремонт дизеля мерседес одеса,Phrase,13,Enabled
DC | Search | Ремонт двигунів,BMW M57 N57 B57,ремонт двигуна m57,Phrase,12,Enabled
DC | Search | Ремонт двигунів,BMW M57 N57 B57,ремонт двигателя m57,Phrase,12,Enabled
DC | Search | Ремонт двигунів,BMW M57 N57 B57,ремонт двигуна n57,Phrase,12,Enabled
DC | Search | Ремонт двигунів,BMW M57 N57 B57,ремонт двигателя n57,Phrase,12,Enabled
DC | Search | Ремонт двигунів,BMW M57 N57 B57,ремонт двигуна b57,Phrase,12,Enabled
DC | Search | Ремонт двигунів,BMW M57 N57 B57,ремонт дизеля bmw одеса,Phrase,13,Enabled
DC | Search | Ремонт двигунів,BMW M57 N57 B57,ремонт дизельного bmw x5,Phrase,12,Enabled
DC | Search | Ремонт двигунів,VAG TDI,ремонт двигуна 1.9 tdi,Phrase,12,Enabled
DC | Search | Ремонт двигунів,VAG TDI,ремонт двигателя 1.9 tdi,Phrase,12,Enabled
DC | Search | Ремонт двигунів,VAG TDI,ремонт двигуна 2.0 tdi,Phrase,12,Enabled
DC | Search | Ремонт двигунів,VAG TDI,ремонт двигателя 2.0 tdi,Phrase,12,Enabled
DC | Search | Ремонт двигунів,VAG TDI,ремонт tdi одеса,Phrase,13,Enabled
DC | Search | Ремонт двигунів,VAG TDI,ремонт двигуна фольксваген дизель,Phrase,12,Enabled
DC | Search | Ремонт двигунів,VAG TDI,ремонт двигателя транспортер т5,Phrase,12,Enabled
DC | Search | Ремонт двигунів,Renault Nissan Opel,ремонт двигуна k9k,Phrase,11,Enabled
DC | Search | Ремонт двигунів,Renault Nissan Opel,ремонт двигателя k9k,Phrase,11,Enabled
DC | Search | Ремонт двигунів,Renault Nissan Opel,ремонт двигуна m9r,Phrase,11,Enabled
DC | Search | Ремонт двигунів,Renault Nissan Opel,ремонт двигуна g9u,Phrase,11,Enabled
DC | Search | Ремонт двигунів,Renault Nissan Opel,ремонт двигателя рено 1.5 dci,Phrase,11,Enabled
DC | Search | Ремонт двигунів,Renault Nissan Opel,ремонт двигуна renault master,Phrase,11,Enabled
DC | Search | Ремонт двигунів,Renault Nissan Opel,ремонт двигателя опель виваро,Phrase,11,Enabled
DC | Search | Ремонт двигунів,Mitsubishi 4D56 4M41,ремонт двигуна 4d56,Phrase,11,Enabled
DC | Search | Ремонт двигунів,Mitsubishi 4D56 4M41,ремонт двигателя 4d56,Phrase,11,Enabled
DC | Search | Ремонт двигунів,Mitsubishi 4D56 4M41,ремонт двигуна 4m41,Phrase,11,Enabled
DC | Search | Ремонт двигунів,Mitsubishi 4D56 4M41,ремонт двигателя паджеро дизель,Phrase,11,Enabled
DC | Search | Ремонт двигунів,Mitsubishi 4D56 4M41,ремонт двигуна l200 дизель,Phrase,11,Enabled
DC | Search | Ремонт двигунів,Toyota KD,ремонт двигуна 1kd-ftv,Phrase,11,Enabled
DC | Search | Ремонт двигунів,Toyota KD,ремонт двигателя 1kd,Phrase,11,Enabled
DC | Search | Ремонт двигунів,Toyota KD,ремонт двигуна 2kd-ftv,Phrase,11,Enabled
DC | Search | Ремонт двигунів,Toyota KD,ремонт двигателя 2kd,Phrase,11,Enabled
DC | Search | Ремонт двигунів,Toyota KD,ремонт дизеля тойота одеса,Phrase,12,Enabled
DC | Search | Ремонт двигунів,Toyota KD,ремонт двигателя хайлюкс дизель,Phrase,11,Enabled
DC | Search | Турбіни,Ремонт турбін,ремонт турбіни одеса,Exact,20,Enabled
DC | Search | Турбіни,Ремонт турбін,ремонт турбины одесса,Exact,20,Enabled
DC | Search | Турбіни,Ремонт турбін,ремонт турбін,Phrase,16,Enabled
DC | Search | Турбіни,Ремонт турбін,ремонт турбины,Phrase,16,Enabled
DC | Search | Турбіни,Ремонт турбін,ремонт турбокомпресора,Phrase,16,Enabled
DC | Search | Турбіни,Ремонт турбін,ремонт турбокомпрессора,Phrase,16,Enabled
DC | Search | Турбіни,Ремонт турбін,відновлення турбіни,Phrase,15,Enabled
DC | Search | Турбіни,Ремонт турбін,восстановление турбины,Phrase,15,Enabled
DC | Search | Турбіни,Ремонт турбін,діагностика турбіни одеса,Phrase,14,Enabled
DC | Search | Турбіни,Ремонт турбін,диагностика турбины одесса,Phrase,14,Enabled
DC | Search | Турбіни,Ремонт турбін,ремонт турбіни ціна,Phrase,14,Enabled
DC | Search | Турбіни,Ремонт турбін,ремонт турбины цена,Phrase,14,Enabled
DC | Search | Турбіни,Ремонт турбін,турбіна свистить що робити,Phrase,11,Enabled
DC | Search | Турбіни,Ремонт турбін,турбіна жере масло ремонт,Phrase,12,Enabled
DC | Search | Турбіни,Картридж та геометрія,заміна картриджа турбіни,Phrase,14,Enabled
DC | Search | Турбіни,Картридж та геометрія,замена картриджа турбины,Phrase,14,Enabled
DC | Search | Турбіни,Картридж та геометрія,ремонт геометрії турбіни,Phrase,14,Enabled
DC | Search | Турбіни,Картридж та геометрія,ремонт геометрии турбины,Phrase,14,Enabled
DC | Search | Турбіни,Картридж та геометрія,балансування турбіни одеса,Phrase,14,Enabled
DC | Search | Турбіни,Картридж та геометрія,балансировка турбины одесса,Phrase,14,Enabled
DC | Search | Турбіни,Картридж та геометрія,ремонт актуатора турбіни,Phrase,13,Enabled
DC | Search | Турбіни,Картридж та геометрія,налаштування актуатора турбіни,Phrase,13,Enabled
DC | Search | Діагностика та Chip,Діагностика дизеля,компютерна діагностика дизеля одеса,Phrase,14,Enabled
DC | Search | Діагностика та Chip,Діагностика дизеля,компьютерная диагностика дизеля одесса,Phrase,14,Enabled
DC | Search | Діагностика та Chip,Діагностика дизеля,діагностика дизельного двигуна,Phrase,13,Enabled
DC | Search | Діагностика та Chip,Діагностика дизеля,диагностика дизельного двигателя,Phrase,13,Enabled
DC | Search | Діагностика та Chip,Діагностика дизеля,компютерна діагностика авто одеса,Phrase,12,Enabled
DC | Search | Діагностика та Chip,Діагностика дизеля,діагностика авто одеса,Phrase,12,Enabled
DC | Search | Діагностика та Chip,Діагностика дизеля,перевірка помилок двигуна одеса,Phrase,11,Enabled
DC | Search | Діагностика та Chip,Діагностика дизеля,горить чек на дизелі,Phrase,10,Enabled
DC | Search | Діагностика та Chip,Chip tuning,чип тюнінг одеса,Exact,15,Enabled
DC | Search | Діагностика та Chip,Chip tuning,чип тюнинг одесса,Exact,15,Enabled
DC | Search | Діагностика та Chip,Chip tuning,чип тюнінг дизеля,Phrase,13,Enabled
DC | Search | Діагностика та Chip,Chip tuning,чип тюнинг дизеля,Phrase,13,Enabled
DC | Search | Діагностика та Chip,Chip tuning,прошивка двигуна одеса,Phrase,12,Enabled
DC | Search | Діагностика та Chip,Chip tuning,stage 1 чип тюнінг,Phrase,12,Enabled
DC | Search | Діагностика та Chip,Chip tuning,збільшення потужності дизеля,Phrase,12,Enabled
DC | Search | Діагностика та Chip,Chip tuning,увеличение мощности дизеля,Phrase,12,Enabled
DC | Search | Діагностика та Chip,Дизельний сервіс загальні,дизельний сервіс одеса,Exact,18,Enabled
DC | Search | Діагностика та Chip,Дизельний сервіс загальні,дизельный сервис одесса,Exact,18,Enabled
DC | Search | Діагностика та Chip,Дизельний сервіс загальні,сто дизель одеса,Phrase,15,Enabled
DC | Search | Діагностика та Chip,Дизельний сервіс загальні,сто дизель одесса,Phrase,15,Enabled
DC | Search | Діагностика та Chip,Дизельний сервіс загальні,ремонт дизеля одеса,Phrase,16,Enabled
DC | Search | Діагностика та Chip,Дизельний сервіс загальні,ремонт дизеля одесса,Phrase,16,Enabled
DC | Search | Діагностика та Chip,Дизельний сервіс загальні,дизельний сервіс поруч,Phrase,14,Enabled
DC | Search | Діагностика та Chip,Дизельний сервіс загальні,автосервіс дизель одеса,Phrase,14,Enabled
DC | Search | Діагностика та Chip,Кондиціонер,заправка кондиціонера одеса,Phrase,9,Enabled
DC | Search | Діагностика та Chip,Кондиціонер,заправка кондиционера одесса,Phrase,9,Enabled
DC | Search | Діагностика та Chip,Кондиціонер,заправка кондиціонера авто,Phrase,8,Enabled
DC | Search | Діагностика та Chip,Кондиціонер,ремонт кондиціонера авто одеса,Phrase,8,Enabled
DC | Search | Бренд,Бренд DIESEL-CRAFT,diesel craft одеса,Phrase,5,Enabled
DC | Search | Бренд,Бренд DIESEL-CRAFT,dieselcraft,Phrase,5,Enabled
DC | Search | Бренд,Бренд DIESEL-CRAFT,дизель крафт одеса,Phrase,5,Enabled
DC | Search | Бренд,Бренд DIESEL-CRAFT,дизель крафт одесса,Phrase,5,Enabled
DC | Search | Бренд,Бренд DIESEL-CRAFT,diesel craft сервіс,Phrase,5,Enabled
DC | Call Only | Терміновий ремонт,Терміново форсунки,ремонт форсунок одеса,Exact,24,Enabled
DC | Call Only | Терміновий ремонт,Терміново форсунки,ремонт форсунок одесса,Exact,24,Enabled
DC | Call Only | Терміновий ремонт,Терміново форсунки,ремонт тнвд одеса,Exact,24,Enabled
DC | Call Only | Терміновий ремонт,Терміново форсунки,ремонт форсунок терміново,Phrase,20,Enabled
DC | Call Only | Терміновий ремонт,Терміново двигун,ремонт дизельного двигуна одеса,Exact,22,Enabled
DC | Call Only | Терміновий ремонт,Терміново двигун,дизель не заводиться одеса,Phrase,18,Enabled
DC | Call Only | Терміновий ремонт,Терміново двигун,дизельний сервіс одеса,Exact,20,Enabled
DC | Call Only | Терміновий ремонт,Терміново двигун,дизельный сервис одесса,Exact,20,Enabled
DC | Call Only | Терміновий ремонт,Терміново турбіна,ремонт турбіни одеса,Exact,22,Enabled
DC | Call Only | Терміновий ремонт,Терміново турбіна,ремонт турбины одесса,Exact,22,Enabled
DC | Call Only | Терміновий ремонт,Терміново турбіна,турбіна зламалась ремонт,Phrase,16,Enabled
DC | Search | Ремонт двигунів,Ремонт ГБЦ,ремонт гбц одеса,Exact,18,Enabled
DC | Search | Ремонт двигунів,Ремонт ГБЦ,ремонт гбц одесса,Exact,18,Enabled
DC | Search | Ремонт двигунів,Ремонт ГБЦ,ремонт гбц,Phrase,14,Enabled
DC | Search | Ремонт двигунів,Ремонт ГБЦ,ремонт головки блоку циліндрів,Phrase,14,Enabled
DC | Search | Ремонт двигунів,Ремонт ГБЦ,ремонт головки блока цилиндров,Phrase,14,Enabled
DC | Search | Ремонт двигунів,Ремонт ГБЦ,заміна прокладки гбц,Phrase,14,Enabled
DC | Search | Ремонт двигунів,Ремонт ГБЦ,замена прокладки гбц,Phrase,14,Enabled
DC | Search | Ремонт двигунів,Ремонт ГБЦ,шліфування головки блоку,Phrase,13,Enabled
DC | Search | Ремонт двигунів,Ремонт ГБЦ,шлифовка головки блока,Phrase,13,Enabled
DC | Search | Ремонт двигунів,Ремонт ГБЦ,опресовка гбц одеса,Phrase,13,Enabled
DC | Search | Ремонт двигунів,Ремонт ГБЦ,пробита прокладка гбц,Phrase,12,Enabled
DC | Search | Ремонт двигунів,Ремонт ГБЦ,антифриз в циліндрах,Phrase,11,Enabled
DC | Search | Паливна апаратура,Паливна система,ремонт паливної системи дизеля,Phrase,16,Enabled
DC | Search | Паливна апаратура,Паливна система,ремонт топливной системы дизеля,Phrase,16,Enabled
DC | Search | Паливна апаратура,Паливна система,діагностика паливної системи одеса,Phrase,15,Enabled
DC | Search | Паливна апаратура,Паливна система,диагностика топливной системы одесса,Phrase,15,Enabled
DC | Search | Паливна апаратура,Паливна система,перевірка тиску палива дизель,Phrase,13,Enabled
DC | Search | Паливна апаратура,Паливна система,не тримає тиск палива,Phrase,13,Enabled
DC | Search | Паливна апаратура,Паливна система,перевірка зворотки форсунок,Phrase,13,Enabled
DC | Search | Паливна апаратура,Паливна система,помилка тиску палива дизель,Phrase,12,Enabled
DC | Search | Діагностика та Chip,Чистка DPF,чистка сажевого фільтра одеса,Exact,15,Enabled
DC | Search | Діагностика та Chip,Чистка DPF,чистка сажевого фильтра одесса,Exact,15,Enabled
DC | Search | Діагностика та Chip,Чистка DPF,чистка dpf,Phrase,13,Enabled
DC | Search | Діагностика та Chip,Чистка DPF,промивка сажевого фільтра,Phrase,13,Enabled
DC | Search | Діагностика та Chip,Чистка DPF,діагностика dpf одеса,Phrase,12,Enabled
DC | Search | Діагностика та Chip,Чистка DPF,регенерація сажевого фільтра,Phrase,12,Enabled
DC | Search | Діагностика та Chip,Чистка DPF,помилка сажевого фільтра,Phrase,11,Enabled
DC | Search | Діагностика та Chip,Чистка DPF,забитий сажевий фільтр,Phrase,11,Enabled
DC | Search | Діагностика та Chip,Діагностика EGR,чистка клапана egr одеса,Exact,14,Enabled
DC | Search | Діагностика та Chip,Діагностика EGR,чистка клапана egr одесса,Exact,14,Enabled
DC | Search | Діагностика та Chip,Діагностика EGR,чистка egr,Phrase,12,Enabled
DC | Search | Діагностика та Chip,Діагностика EGR,ремонт клапана egr,Phrase,12,Enabled
DC | Search | Діагностика та Chip,Діагностика EGR,діагностика egr одеса,Phrase,12,Enabled
DC | Search | Діагностика та Chip,Діагностика EGR,помилка клапана egr,Phrase,11,Enabled
DC | Search | Діагностика та Chip,Діагностика EGR,чистка впускного колектора,Phrase,11,Enabled
DC | Search | Діагностика та Chip,Діагностика EGR,охолоджувач egr тече,Phrase,10,Enabled
DC | Search | Діагностика та Chip,ТО дизеля,то дизельного авто одеса,Exact,12,Enabled
DC | Search | Діагностика та Chip,ТО дизеля,то дизельного автомобиля одесса,Exact,12,Enabled
DC | Search | Діагностика та Chip,ТО дизеля,технічне обслуговування дизеля,Phrase,11,Enabled
DC | Search | Діагностика та Chip,ТО дизеля,заміна масла дизель одеса,Phrase,11,Enabled
DC | Search | Діагностика та Chip,ТО дизеля,замена масла дизель одесса,Phrase,11,Enabled
DC | Search | Діагностика та Chip,ТО дизеля,заміна паливного фільтра,Phrase,10,Enabled
DC | Search | Діагностика та Chip,ТО дизеля,замена топливного фильтра дизель,Phrase,10,Enabled
